CREATE DATABASE  IF NOT EXISTS `proyecto` /*!40100 DEFAULT CHARACTER SET latin1 */;
USE `proyecto`;
-- MySQL dump 10.13  Distrib 5.7.30, for Linux (x86_64)
--
-- Host: 127.0.0.1    Database: proyecto
-- ------------------------------------------------------
-- Server version	5.7.30-0ubuntu0.18.04.1

/*!40101 SET @OLD_CHARACTER_SET_CLIENT=@@CHARACTER_SET_CLIENT */;
/*!40101 SET @OLD_CHARACTER_SET_RESULTS=@@CHARACTER_SET_RESULTS */;
/*!40101 SET @OLD_COLLATION_CONNECTION=@@COLLATION_CONNECTION */;
/*!40101 SET NAMES utf8 */;
/*!40103 SET @OLD_TIME_ZONE=@@TIME_ZONE */;
/*!40103 SET TIME_ZONE='+00:00' */;
/*!40014 SET @OLD_UNIQUE_CHECKS=@@UNIQUE_CHECKS, UNIQUE_CHECKS=0 */;
/*!40014 SET @OLD_FOREIGN_KEY_CHECKS=@@FOREIGN_KEY_CHECKS, FOREIGN_KEY_CHECKS=0 */;
/*!40101 SET @OLD_SQL_MODE=@@SQL_MODE, SQL_MODE='NO_AUTO_VALUE_ON_ZERO' */;
/*!40111 SET @OLD_SQL_NOTES=@@SQL_NOTES, SQL_NOTES=0 */;

--
-- Table structure for table `presentations`
--

DROP TABLE IF EXISTS `presentations`;
/*!40101 SET @saved_cs_client     = @@character_set_client */;
/*!40101 SET character_set_client = utf8 */;
CREATE TABLE `presentations` (
  `presentation_id` int(11) NOT NULL,
  `title` varchar(155) NOT NULL,
  `presentation_date` date DEFAULT NULL,
  `presentation_event` varchar(155) DEFAULT NULL,
  `city` varchar(155) DEFAULT NULL,
  `category` varchar(155) DEFAULT NULL,
  `presentation_language` varchar(55) DEFAULT NULL,
  `date_louded_presentation` datetime DEFAULT NULL,
  `date_modification_presentation` datetime DEFAULT NULL,
  `video` varchar(250) DEFAULT NULL,
  `user_id` int(11) DEFAULT NULL,
  PRIMARY KEY (`presentation_id`),
  KEY `fk_user_id` (`user_id`),
  CONSTRAINT `fk_user_id` FOREIGN KEY (`user_id`) REFERENCES `users` (`user_id`) ON DELETE SET NULL ON UPDATE CASCADE
);
/*!40101 SET character_set_client = @saved_cs_client */;

--
-- Dumping data for table `presentations`
--

LOCK TABLES `presentations` WRITE;
/*!40000 ALTER TABLE `presentations` DISABLE KEYS */;
INSERT INTO `presentations` VALUES (2,'Do schools kill creativity?','2006-02-28','TED','Monterrey','Social','English','2019-06-28 20:16:46','2020-04-03 18:15:10','https://youtu.be/iG9CE55wbtY',3),(3,'My stroke of inside','2008-02-13','TED','Monterrey','Science','English','2020-05-01 22:23:38','2020-02-24 22:05:37','https://youtu.be/UyyjU8fzEYU',2),(4,'The surprising science of hapiness','2004-02-07','TED','Monterrey','Science','English','2019-06-16 17:05:42','2020-04-08 22:03:57','https://youtu.be/4q1dgn_C0AU',3),(5,'Why We Have Too Few Women Leaders','2010-12-01','TED','Washington DC','Feminism','English','2018-06-13 04:04:42','2019-11-22 09:30:17','https://youtu.be/18uDutylDa4',2),(6,'Where does creativity hide?','2008-02-27','TED','Monterrey','Culture','English','2017-11-28 10:41:46','2020-01-14 11:57:56','https://youtu.be/8D0pwe4vaQo',2),(7,'Wireless Networks','2019-07-04','WCE','London','Technology','English','2018-02-21 20:31:38','2019-10-28 15:05:31','ted.com/volutpat/erat/quisque/erat.html',8),(8,'El Bulli','2010-01-27','Madrid Fusion','Madrid','Gastronomy','Spanish','2020-02-22 13:39:34','2020-04-11 00:37:40','globo.com/in/purus/eu/magna.png',31),(9,'Tesla S Presentation','2011-11-01','WRCD','Fremont','Motoring','English','2019-04-24 23:20:51','2020-01-11 02:35:58','nsw.gov.au/donec/ut.jpg',44),(10,'Introducing Macintosh','1984-01-24','Microsoft WE','San Francisco','Technology','English','2019-03-01 21:33:44','2020-03-28 09:35:18','ebay.co.uk/magna/vestibulum.js',26),(11,'Introducing Windows 95','1995-08-24','Microsoft WE','Redmond','Technology','English','2019-10-19 08:47:15','2020-05-01 14:49:06','surveymonkey.com/pellentesque/ultrices/mattis/odio.json',10),(12,'Join me in my climate strike','2019-09-21','UN Climate Action Summit','New York','Sustainability','English','2019-08-31 03:59:05','2020-05-01 19:54:46','phpbb.com/adipiscing/elit/proin/risus.js',47),(13,'Water:Charity','2012-02-13','LeWeb','Paris','Sustainability','English','2019-09-04 21:46:22','2020-04-05 00:34:55','nhs.uk/posuere.json',2),(14,'Computational Statistics and Data Engineering','2019-07-03','WCE','London','Technology','English','2017-08-24 13:06:04','2019-10-16 19:43:49','fc2.com/augue/vestibulum/ante/ipsum/primis.aspx',11),(15,'Lack of trust','2019-10-04','FIATAWC','Capetown','Transport','English','2018-10-11 22:42:45','2020-03-26 03:36:51','linkedin.com/augue/vel.html',38),(16,'Human, Non-Human, Post-Human','2018-08-13','WCPhilosophy','Beijin','Social','English','2020-02-23 20:08:53','2020-02-20 02:55:38','jalbum.net/condimentum/neque/sapien/placerat/ante/nulla.xml',18),(17,'Las algas,nuevas hortalizas del mar','2007-01-16','Madrid Fusion','Madrid','Gastronomy','Spanish','2018-08-17 17:46:41','2019-10-02 09:27:19','usgs.gov/vel/pede/morbi.xml',18),(18,'Financial Engineering','2019-07-03','WCE','London','Technology','English','2018-07-18 09:18:47','2019-11-03 00:55:10','nymag.com/non/mauris/morbi/non.js',22),(19,'Toward future railway service','2019-11-01','WCRR','Tokyo','Motoring','Japanese','2019-11-22 16:08:50','2020-01-22 13:40:49','microsoft.com/vestibulum/sit/amet.jpg',36),(20,'Expressibility, Dialogue, Translatability','2018-08-20','WCPhilosophy','Beijin','Social','Chinese','2019-03-28 07:28:34','2020-01-02 11:29:43','mozilla.org/in/hac/habitasse/platea/dictumst/etiam.js',2),(21,'The danger of a single history','2009-07-16','TED','London','Social','English','2020-04-09 07:53:51','2020-01-22 10:18:54','salon.com/sociis/natoque/penatibus.png',7),(22,'Forefront logistic','2019-09-30','FIATAWC','Capetown','Transport','Arabian','2017-12-18 16:00:55','2020-03-04 03:11:19','yellowpages.com/quis/lectus/suspendisse/potenti.aspx',3),(23,'An Inconvenient Truth','2006-05-24','WERF','New York','Sustainability','English','2017-10-28 07:06:32','2020-03-25 06:31:12','icio.us/at/vulputate/vitae/nisl/aenean/lectus/pellentesque.html',18),(24,'Postres de dise침o','2005-01-20','Madrid Fusion','Madrid','Gastronomy','Spanish','2019-07-29 17:54:35','2020-04-20 08:15:02','nymag.com/ante/nulla/justo/aliquam/quis/turpis.jsp',38),(25,'Mind, Brain, Body, Consciousness, Emotions','2018-08-13','WCPhilosophy','Beijin','Social','English','2020-04-29 13:49:55','2020-02-25 14:12:52','taobao.com/convallis/nunc/proin/at/turpis/a/pede.html',14),(26,'Rolling Stock','2012-02-13','WCRR','Tokyo','Motoring','Japanese','2019-12-16 19:36:18','2019-10-14 23:52:31','wordpress.com/elementum/pellentesque/quisque/porta.xml',33),(27,'Votaci칩n de presentaciones','2020-07-20','HAB Recruiting Day','A Coru침a','Technology','English','2019-11-01 02:53:04','2020-01-25 22:40:05','weather.com/cursus/id/turpis.aspx',14),(28,'Gesti칩n cocina','2004-01-14','Madrid Fusion','Madrid','Gastronomy','Spanish','2018-09-02 05:40:20','2019-10-13 08:56:22','twitpic.com/natoque/penatibus.html',24),(29,'Creativity, Symbol, and Aesthetic Sense','2018-08-13','WCPhilosophy','Beijin','Social','Chinese','2019-08-25 09:10:57','2020-02-28 23:38:47','who.int/nisl/nunc/rhoncus/dui/vel/sem.html',4),(30,'Introducing iPhone','2007-01-09','Macworld','San Francisco','Technology','English','2017-11-20 21:41:13','2019-11-28 23:19:32','techcrunch.com/vestibulum/velit/id/pretium/iaculis/diam.aspx',50),(31,'LinkedIn is for stupid people','2018-08-21','WR78','London','Social','English','2020-05-24 13:16:45',NULL,'https://www.ted.com/talksv',NULL),(32,'The next Outbreak','2012-07-23','TED','Vancouver','Sustainability','English','2018-11-21 08:49:31','2019-11-15 14:33:54','https://youtu.be/6Af6b_wyiwI',67),(34,'Don\'t kill your language','2012-12-19','TED','Beirut','Culture','English','2020-06-14 13:32:20',NULL,'https://youtu.be/bNOiwgrZbPE',14),(35,'How we must respond to the coronavirus','2020-03-24','TED','San Francisco','Health','English','2020-06-01 13:32:20',NULL,'<iframe width=\"720\" height=\"450\" src=\"https://www.youtube.com/embed/Xe8fIjxicoo\" frameborder=\"0\" allow=\"accelerometer; autoplay; encrypted-media; gyroscope; picture-in-picture\" allowfullscreen></iframe>',14),(36,'How we explore unanswered questions in physics','2020-06-10','TED','Berlin','Science','English','2020-06-07 13:32:20',NULL,'<iframe width=\"720\" height=\"450\" src=\"https://www.youtube.com/embed/I7oEuFpwxbE\" frameborder=\"0\" allow=\"accelerometer; autoplay; encrypted-media; gyroscope; picture-in-picture\" allowfullscreen></iframe>',67);
/*!40000 ALTER TABLE `presentations` ENABLE KEYS */;
UNLOCK TABLES;

--
-- Table structure for table `ratings`
--

DROP TABLE IF EXISTS `ratings`;
/*!40101 SET @saved_cs_client     = @@character_set_client */;
/*!40101 SET character_set_client = utf8 */;
CREATE TABLE `ratings` (
  `id` int(11) NOT NULL,
  `rating` decimal(2,1) DEFAULT NULL,
  `score_interest` int(11) NOT NULL,
  `score_theme_quality` int(11) NOT NULL,
  `score_design` int(11) NOT NULL,
  `score_comunication` int(11) NOT NULL,
  `date_rating` datetime NOT NULL,
  `comments` varchar(2500) DEFAULT NULL,
  `user_id_ratings` int(11) NOT NULL,
  `presentation_id_ratings` int(11) NOT NULL,
  PRIMARY KEY (`id`),
  KEY `fk_presentation_id_ratings` (`presentation_id_ratings`),
  KEY `fk_user_id_ratings` (`user_id_ratings`),
  CONSTRAINT `fk_presentation_id_ratings` FOREIGN KEY (`presentation_id_ratings`) REFERENCES `presentations` (`presentation_id`) ON DELETE CASCADE ON UPDATE CASCADE,
  CONSTRAINT `fk_user_id_ratings` FOREIGN KEY (`user_id_ratings`) REFERENCES `users` (`user_id`) ON DELETE CASCADE ON UPDATE CASCADE
);
/*!40101 SET character_set_client = @saved_cs_client */;

--
-- Dumping data for table `ratings`
--

LOCK TABLES `ratings` WRITE;
/*!40000 ALTER TABLE `ratings` DISABLE KEYS */;
INSERT INTO `ratings` VALUES (1,4.8,2,1,1,3,'2019-12-17 00:39:41','Fusce congue, diam id ornare imperdiet, sapien urna pretium nisl, ut volutpat sapien arcu sed augue. Aliquam erat volutpat.',5,21),(2,3.5,4,5,3,3,'2019-09-19 06:04:29','Morbi quis tortor id nulla ultrices aliquet. Maecenas leo odio, condimentum id, luctus nec, molestie sed, justo. Pellentesque viverra pede ac diam. Cras pellentesque volutpat dui. Maecenas tristique, est et tempus semper, est quam pharetra magna, ac consequat metus sapien ut nunc.',25,22),(4,2.2,4,1,3,4,'2019-12-14 00:35:19','Nulla ac enim.',2,21),(5,4.4,1,3,3,2,'2020-01-07 07:19:40','Fusce lacus purus, aliquet at, feugiat non, pretium quis, lectus. Suspendisse potenti. In eleifend quam a odio.',30,25),(6,2.9,2,5,5,5,'2019-06-22 19:44:15','Morbi non lectus.',36,26),(7,3.6,1,2,1,5,'2019-09-04 02:01:52','Nulla ac enim. In tempor, turpis nec euismod scelerisque, quam turpis adipiscing lorem, vitae mattis nibh ligula nec sem. Duis aliquam convallis nunc. Proin at turpis a pede posuere nonummy. Integer non velit.',26,10),(8,5.0,4,4,2,2,'2019-11-01 10:14:32','Aenean lectus.',40,3),(9,4.2,2,4,1,4,'2020-01-29 12:00:09','Proin at turpis a pede posuere nonummy. Integer non velit. Donec diam neque, vestibulum eget, vulputate ut, ultrices vel, augue.',12,28),(10,2.3,3,5,3,1,'2019-08-06 23:11:09','Proin risus. Praesent lectus. Vestibulum quam sapien, varius ut, blandit non, interdum in, ante. Vestibulum ante ipsum primis in faucibus orci luctus et ultrices posuere cubilia Curae; Duis faucibus accumsan odio. Curabitur convallis.',43,6),(11,3.6,4,1,4,3,'2020-02-10 02:26:04','Nam nulla. Integer pede justo, lacinia eget, tincidunt eget, tempus vel, pede.',47,16),(12,3.2,2,5,4,4,'2019-07-28 05:37:46','Fusce consequat. Nulla nisl. Nunc nisl. Duis bibendum, felis sed interdum venenatis, turpis enim blandit mi, in porttitor pede justo eu massa.',21,6),(13,3.6,5,5,5,1,'2019-10-05 00:44:24','Nulla neque libero, convallis eget, eleifend luctus, ultricies eu, nibh. Quisque id justo sit amet sapien dignissim vestibulum.',49,15),(14,4.8,1,3,5,2,'2020-05-12 17:30:44','In blandit ultrices enim. Lorem ipsum dolor sit amet, consectetuer adipiscing elit. Proin interdum mauris non ligula pellentesque ultrices. Phasellus id sapien in sapien iaculis congue. Vivamus metus arcu, adipiscing molestie, hendrerit at, vulputate vitae, nisl.',26,10),(15,3.4,2,1,3,2,'2020-02-05 18:47:38','Ut tellus. Nulla ut erat id mauris vulputate elementum. Nullam varius. Nulla facilisi. Cras non velit nec nisi vulputate nonummy.',49,11),(16,4.8,2,2,1,1,'2019-11-19 07:02:15','Integer ac neque. Duis bibendum.',18,27),(17,3.1,1,5,5,1,'2019-09-05 00:42:05','Nunc rhoncus dui vel sem. Sed sagittis. Nam congue, risus semper porta volutpat, quam pede lobortis ligula, sit amet eleifend pede libero quis orci. Nullam molestie nibh in lectus. Pellentesque at nulla.',31,23),(18,3.8,4,2,4,3,'2019-12-23 21:37:40','Duis consequat dui nec nisi volutpat eleifend. Donec ut dolor. Morbi vel lectus in quam fringilla rhoncus. Mauris enim leo, rhoncus sed, vestibulum sit amet, cursus id, turpis.',7,13),(19,2.9,5,5,1,1,'2019-09-03 18:30:46','In sagittis dui vel nisl. Duis ac nibh. Fusce lacus purus, aliquet at, feugiat non, pretium quis, lectus. Suspendisse potenti.',46,22),(20,5.0,2,4,4,2,'2019-06-08 00:29:51','Integer aliquet, massa id lobortis convallis, tortor risus dapibus augue, vel accumsan tellus nisi eu orci. Mauris lacinia sapien quis libero. Nullam sit amet turpis elementum ligula vehicula consequat. Morbi a ipsum. Integer a nibh.',50,3),(21,2.9,3,1,1,3,'2020-03-02 07:28:50','Ut tellus. Nulla ut erat id mauris vulputate elementum. Nullam varius. Nulla facilisi. Cras non velit nec nisi vulputate nonummy.',1,22),(22,4.0,5,4,2,5,'2020-05-08 01:24:58','Aenean fermentum. Donec ut mauris eget massa tempor convallis. Nulla neque libero, convallis eget, eleifend luctus, ultricies eu, nibh.',28,23),(23,4.5,3,4,5,1,'2020-02-10 10:01:26','Donec ut dolor.',34,12),(24,3.8,1,4,3,2,'2019-09-11 15:02:13','Etiam vel augue. Vestibulum rutrum rutrum neque. Aenean auctor gravida sem. Praesent id massa id nisl venenatis lacinia. Aenean sit amet justo.',36,25),(25,4.2,4,5,4,2,'2019-06-12 13:38:16','Ut at dolor quis odio consequat varius. Integer ac leo. Pellentesque ultrices mattis odio. Donec vitae nisi.',19,10),(26,3.7,5,2,4,1,'2019-12-15 15:40:14','Donec quis orci eget orci vehicula condimentum.',16,19),(27,3.4,5,1,2,3,'2019-06-08 03:01:17','Morbi porttitor lorem id ligula. Suspendisse ornare consequat lectus. In est risus, auctor sed, tristique in, tempus sit amet, sem. Fusce consequat. Nulla nisl.',20,26),(28,4.5,1,3,3,4,'2020-02-09 16:49:59','Nunc rhoncus dui vel sem. Sed sagittis. Nam congue, risus semper porta volutpat, quam pede lobortis ligula, sit amet eleifend pede libero quis orci.',19,12),(29,4.9,2,1,3,5,'2020-05-07 17:23:50','Integer ac neque.',40,19),(30,3.2,2,5,5,5,'2019-06-03 14:38:15','Quisque porta volutpat erat.',43,19),(31,5.0,3,4,1,2,'2020-03-23 11:48:16','Nunc rhoncus dui vel sem. Sed sagittis.',3,10),(32,3.1,3,3,3,2,'2019-06-30 21:55:45','Nam congue, risus semper porta volutpat, quam pede lobortis ligula, sit amet eleifend pede libero quis orci. Nullam molestie nibh in lectus.',10,19),(33,3.3,3,1,5,4,'2019-10-08 07:33:35','Vestibulum sed magna at nunc commodo placerat. Praesent blandit. Nam nulla. Integer pede justo, lacinia eget, tincidunt eget, tempus vel, pede. Morbi porttitor lorem id ligula.',25,26),(35,3.3,2,4,4,4,'2019-07-02 22:16:13','Nulla tempus. Vivamus in felis eu sapien cursus vestibulum. Proin eu mi.',10,24),(36,3.3,2,2,2,4,'2020-01-14 12:20:48','Donec quis orci eget orci vehicula condimentum.',9,2),(37,3.0,5,3,4,3,'2019-10-22 09:24:29','Vivamus metus arcu, adipiscing molestie, hendrerit at, vulputate vitae, nisl.',39,19),(38,2.5,4,2,1,5,'2019-10-08 22:40:50','Fusce posuere felis sed lacus. Morbi sem mauris, laoreet ut, rhoncus aliquet, pulvinar sed, nisl. Nunc rhoncus dui vel sem. Sed sagittis. Nam congue, risus semper porta volutpat, quam pede lobortis ligula, sit amet eleifend pede libero quis orci.',4,7),(39,3.0,2,3,5,2,'2019-12-11 22:15:46','Proin interdum mauris non ligula pellentesque ultrices. Phasellus id sapien in sapien iaculis congue. Vivamus metus arcu, adipiscing molestie, hendrerit at, vulputate vitae, nisl. Aenean lectus.',20,12),(41,4.0,1,3,4,5,'2019-09-06 13:11:59','In eleifend quam a odio. In hac habitasse platea dictumst.',35,8),(42,4.2,1,1,4,4,'2020-02-07 11:22:07','Maecenas leo odio, condimentum id, luctus nec, molestie sed, justo. Pellentesque viverra pede ac diam. Cras pellentesque volutpat dui.',49,8),(43,2.6,3,5,2,2,'2019-08-01 14:00:38','Nam ultrices, libero non mattis pulvinar, nulla pede ullamcorper augue, a suscipit nulla elit ac nulla.',10,16),(44,3.5,3,2,2,4,'2019-10-25 12:58:31','Curabitur gravida nisi at nibh. In hac habitasse platea dictumst. Aliquam augue quam, sollicitudin vitae, consectetuer eget, rutrum at, lorem. Integer tincidunt ante vel ipsum. Praesent blandit lacinia erat.',46,19),(45,5.0,1,5,4,1,'2020-03-23 01:48:31','Pellentesque ultrices mattis odio. Donec vitae nisi.',3,2),(46,3.9,4,2,1,2,'2019-10-03 22:07:04','Morbi vestibulum, velit id pretium iaculis, diam erat fermentum justo, nec condimentum neque sapien placerat ante.',30,27),(47,2.6,5,3,1,1,'2020-01-03 16:25:30','Aenean lectus. Pellentesque eget nunc. Donec quis orci eget orci vehicula condimentum. Curabitur in libero ut massa volutpat convallis.',11,25),(48,2.5,2,4,3,4,'2019-11-22 04:24:51','Pellentesque viverra pede ac diam. Cras pellentesque volutpat dui. Maecenas tristique, est et tempus semper, est quam pharetra magna, ac consequat metus sapien ut nunc.',8,10),(49,3.3,4,3,2,4,'2019-10-04 18:09:54','Cras in purus eu magna vulputate luctus.',20,8),(50,2.2,4,5,3,4,'2020-05-15 08:12:12','Integer ac neque. Duis bibendum.',1,29),(51,4.4,1,5,5,5,'2020-01-03 09:01:44','Cum sociis natoque penatibus et magnis dis parturient montes, nascetur ridiculus mus. Etiam vel augue. Vestibulum rutrum rutrum neque. Aenean auctor gravida sem.',46,9),(52,5.0,4,4,1,5,'2020-03-26 14:12:09','Ut tellus. Nulla ut erat id mauris vulputate elementum. Nullam varius.',21,3),(53,4.0,1,3,5,2,'2019-10-03 15:06:35','Morbi quis tortor id nulla ultrices aliquet.',26,20),(54,3.7,3,5,2,2,'2020-03-22 03:27:24','Ut at dolor quis odio consequat varius. Integer ac leo.',29,30),(55,3.5,4,5,1,5,'2020-01-18 21:45:19','Nunc rhoncus dui vel sem. Sed sagittis.',67,13),(56,2.1,2,5,1,4,'2019-10-12 06:49:25','Ut at dolor quis odio consequat varius. Integer ac leo.',25,7),(57,4.6,3,3,5,4,'2020-04-27 22:15:10','Sed vel enim sit amet nunc viverra dapibus. Nulla suscipit ligula in lacus. Curabitur at ipsum ac tellus semper interdum.',12,3),(58,2.3,3,3,5,5,'2019-12-19 12:28:00','Etiam vel augue. Vestibulum rutrum rutrum neque.',12,20),(59,4.5,5,1,2,4,'2019-08-16 20:16:04','Donec vitae nisi. Nam ultrices, libero non mattis pulvinar, nulla pede ullamcorper augue, a suscipit nulla elit ac nulla. Sed vel enim sit amet nunc viverra dapibus. Nulla suscipit ligula in lacus.',16,10),(60,3.7,5,2,5,2,'2019-11-23 03:41:42','Cras mi pede, malesuada in, imperdiet et, commodo vulputate, justo.',44,5),(61,2.7,1,2,4,5,'2019-10-25 18:00:26','Aliquam non mauris. Morbi non lectus.',27,27),(62,2.2,5,5,4,5,'2020-04-06 02:56:06','Nullam sit amet turpis elementum ligula vehicula consequat. Morbi a ipsum. Integer a nibh. In quis justo. Maecenas rhoncus aliquam lacus.',7,7),(63,2.7,2,3,3,4,'2019-11-08 05:45:18','Nullam varius. Nulla facilisi.',31,9),(64,4.7,3,3,3,2,'2019-07-25 06:40:21','In sagittis dui vel nisl. Duis ac nibh. Fusce lacus purus, aliquet at, feugiat non, pretium quis, lectus. Suspendisse potenti. In eleifend quam a odio.',1,29),(65,2.9,1,4,2,2,'2020-04-04 15:36:52','Vestibulum ac est lacinia nisi venenatis tristique.',39,14),(66,3.5,4,3,4,4,'2019-08-10 04:25:26','Phasellus id sapien in sapien iaculis congue.',67,26),(67,3.1,1,5,5,5,'2019-07-18 20:28:21','Vestibulum ante ipsum primis in faucibus orci luctus et ultrices posuere cubilia Curae; Mauris viverra diam vitae quam. Suspendisse potenti. Nullam porttitor lacus at turpis.',10,17),(68,2.1,3,1,3,1,'2020-01-19 05:34:26','Donec semper sapien a libero. Nam dui. Proin leo odio, porttitor id, consequat in, consequat ut, nulla.',67,16),(69,4.7,3,3,3,2,'2020-03-31 19:38:44','Vivamus metus arcu, adipiscing molestie, hendrerit at, vulputate vitae, nisl.',42,13),(70,5.0,3,4,2,2,'2019-06-19 04:51:27','Maecenas ut massa quis augue luctus tincidunt. Nulla mollis molestie lorem. Quisque ut erat.',14,12),(71,4.9,4,2,3,5,'2019-08-02 01:53:03','Morbi vel lectus in quam fringilla rhoncus. Mauris enim leo, rhoncus sed, vestibulum sit amet, cursus id, turpis. Integer aliquet, massa id lobortis convallis, tortor risus dapibus augue, vel accumsan tellus nisi eu orci.',43,14),(72,3.6,1,5,2,3,'2019-05-26 01:28:15','Cras in purus eu magna vulputate luctus. Cum sociis natoque penatibus et magnis dis parturient montes, nascetur ridiculus mus. Vivamus vestibulum sagittis sapien.',15,7),(73,2.9,2,2,3,3,'2019-10-14 14:24:29','Sed ante. Vivamus tortor. Duis mattis egestas metus. Aenean fermentum.',46,30),(74,2.2,5,1,3,1,'2020-01-14 23:23:46','Vivamus metus arcu, adipiscing molestie, hendrerit at, vulputate vitae, nisl. Aenean lectus.',37,27),(75,3.3,5,4,1,3,'2020-04-26 22:40:24','Donec ut mauris eget massa tempor convallis. Nulla neque libero, convallis eget, eleifend luctus, ultricies eu, nibh. Quisque id justo sit amet sapien dignissim vestibulum.',20,15),(76,4.5,5,3,1,1,'2019-07-14 14:01:33','Mauris sit amet eros. Suspendisse accumsan tortor quis turpis.',21,11),(77,4.9,2,3,5,3,'2020-01-01 19:59:44','Suspendisse potenti. Nullam porttitor lacus at turpis.',23,17),(78,4.3,3,3,2,1,'2019-05-25 17:45:46','Proin leo odio, porttitor id, consequat in, consequat ut, nulla. Sed accumsan felis.',46,6),(79,3.4,3,4,3,3,'2019-08-29 12:02:48','Vivamus vel nulla eget eros elementum pellentesque. Quisque porta volutpat erat. Quisque erat eros, viverra eget, congue eget, semper rutrum, nulla. Nunc purus.',49,11),(80,4.8,5,5,4,5,'2019-05-28 09:59:19','Nunc purus. Phasellus in felis. Donec semper sapien a libero. Nam dui. Proin leo odio, porttitor id, consequat in, consequat ut, nulla.',36,2),(81,4.4,2,2,5,3,'2019-10-08 08:16:01','Duis aliquam convallis nunc. Proin at turpis a pede posuere nonummy. Integer non velit. Donec diam neque, vestibulum eget, vulputate ut, ultrices vel, augue. Vestibulum ante ipsum primis in faucibus orci luctus et ultrices posuere cubilia Curae; Donec pharetra, magna vestibulum aliquet ultrices, erat tortor sollicitudin mi, sit amet lobortis sapien sapien non mi.',22,23),(82,2.1,5,2,1,4,'2020-04-30 00:06:26','Duis consequat dui nec nisi volutpat eleifend.',27,8),(83,4.2,5,3,2,5,'2019-09-25 20:15:46','Quisque ut erat. Curabitur gravida nisi at nibh. In hac habitasse platea dictumst. Aliquam augue quam, sollicitudin vitae, consectetuer eget, rutrum at, lorem.',19,15),(84,2.2,3,2,5,5,'2020-04-26 01:19:15','Suspendisse ornare consequat lectus. In est risus, auctor sed, tristique in, tempus sit amet, sem. Fusce consequat. Nulla nisl. Nunc nisl.',21,20),(85,3.8,1,2,2,4,'2019-11-25 09:03:47','Vivamus vestibulum sagittis sapien. Cum sociis natoque penatibus et magnis dis parturient montes, nascetur ridiculus mus. Etiam vel augue.',4,20),(86,3.0,3,3,2,3,'2020-03-06 06:07:51','Nam dui. Proin leo odio, porttitor id, consequat in, consequat ut, nulla. Sed accumsan felis. Ut at dolor quis odio consequat varius. Integer ac leo.',30,20),(87,3.2,4,5,5,4,'2019-07-26 21:25:13','Praesent id massa id nisl venenatis lacinia. Aenean sit amet justo. Morbi ut odio. Cras mi pede, malesuada in, imperdiet et, commodo vulputate, justo.',31,20),(88,3.8,1,1,3,1,'2020-01-28 12:28:03','Aliquam sit amet diam in magna bibendum imperdiet.',19,20),(89,3.4,1,5,1,5,'2020-01-14 14:09:37','Suspendisse potenti. Cras in purus eu magna vulputate luctus. Cum sociis natoque penatibus et magnis dis parturient montes, nascetur ridiculus mus.',21,19),(90,5.0,5,1,3,1,'2019-12-24 06:58:55','Pellentesque viverra pede ac diam. Cras pellentesque volutpat dui. Maecenas tristique, est et tempus semper, est quam pharetra magna, ac consequat metus sapien ut nunc. Vestibulum ante ipsum primis in faucibus orci luctus et ultrices posuere cubilia Curae; Mauris viverra diam vitae quam.',7,23),(91,2.8,5,3,1,5,'2020-02-26 23:46:55','Curabitur at ipsum ac tellus semper interdum. Mauris ullamcorper purus sit amet nulla.',2,10),(92,4.6,3,3,2,1,'2019-07-06 10:04:50','Curabitur at ipsum ac tellus semper interdum.',16,16),(93,3.0,3,1,4,1,'2019-08-13 13:46:58','Donec ut mauris eget massa tempor convallis.',40,14),(94,4.9,2,5,4,5,'2020-03-14 07:53:23','Maecenas leo odio, condimentum id, luctus nec, molestie sed, justo. Pellentesque viverra pede ac diam. Cras pellentesque volutpat dui. Maecenas tristique, est et tempus semper, est quam pharetra magna, ac consequat metus sapien ut nunc.',15,30),(95,3.7,2,2,5,4,'2019-07-29 06:43:34','Proin leo odio, porttitor id, consequat in, consequat ut, nulla. Sed accumsan felis. Ut at dolor quis odio consequat varius. Integer ac leo. Pellentesque ultrices mattis odio.',25,10),(96,2.8,1,4,1,2,'2019-11-11 03:56:20','Nam dui. Proin leo odio, porttitor id, consequat in, consequat ut, nulla. Sed accumsan felis. Ut at dolor quis odio consequat varius. Integer ac leo.',3,5),(97,2.9,1,5,1,4,'2020-01-10 00:15:18','Integer aliquet, massa id lobortis convallis, tortor risus dapibus augue, vel accumsan tellus nisi eu orci. Mauris lacinia sapien quis libero.',10,14),(98,3.8,5,5,1,3,'2019-10-26 11:37:39','Maecenas ut massa quis augue luctus tincidunt.',36,6),(99,4.2,1,4,1,3,'2020-04-06 15:56:24','Cum sociis natoque penatibus et magnis dis parturient montes, nascetur ridiculus mus.',22,11),(100,3.4,5,5,3,5,'2020-05-18 17:49:42','Nulla justo. Aliquam quis turpis eget elit sodales scelerisque. Mauris sit amet eros.',28,21),(101,2.3,1,4,5,3,'2019-11-08 02:02:11','Cum sociis natoque penatibus et magnis dis parturient montes, nascetur ridiculus mus. Etiam vel augue. Vestibulum rutrum rutrum neque. Aenean auctor gravida sem.',15,30),(102,4.8,2,5,4,2,'2020-01-21 17:27:56','Duis bibendum, felis sed interdum venenatis, turpis enim blandit mi, in porttitor pede justo eu massa. Donec dapibus. Duis at velit eu est congue elementum.',6,15),(103,4.7,2,4,1,3,'2020-04-03 05:06:27','Vestibulum rutrum rutrum neque. Aenean auctor gravida sem. Praesent id massa id nisl venenatis lacinia.',49,5),(104,2.6,3,1,1,2,'2019-07-10 05:31:08','Morbi ut odio. Cras mi pede, malesuada in, imperdiet et, commodo vulputate, justo. In blandit ultrices enim. Lorem ipsum dolor sit amet, consectetuer adipiscing elit. Proin interdum mauris non ligula pellentesque ultrices.',44,22),(105,4.4,2,5,1,2,'2019-12-08 11:14:08','Proin interdum mauris non ligula pellentesque ultrices.',38,9),(106,4.1,5,4,2,5,'2019-07-04 20:57:10','Sed ante. Vivamus tortor. Duis mattis egestas metus. Aenean fermentum. Donec ut mauris eget massa tempor convallis.',15,18),(107,2.5,2,5,2,1,'2019-12-19 06:13:11','Aliquam non mauris. Morbi non lectus. Aliquam sit amet diam in magna bibendum imperdiet.',34,14),(108,3.4,3,2,4,5,'2019-06-10 01:45:59','In est risus, auctor sed, tristique in, tempus sit amet, sem. Fusce consequat. Nulla nisl.',39,7),(109,4.7,3,1,5,4,'2019-07-04 00:13:31','Nulla neque libero, convallis eget, eleifend luctus, ultricies eu, nibh. Quisque id justo sit amet sapien dignissim vestibulum. Vestibulum ante ipsum primis in faucibus orci luctus et ultrices posuere cubilia Curae; Nulla dapibus dolor vel est. Donec odio justo, sollicitudin ut, suscipit a, feugiat et, eros.',42,5),(110,4.1,3,2,4,3,'2020-01-07 00:39:08','Curabitur convallis. Duis consequat dui nec nisi volutpat eleifend. Donec ut dolor. Morbi vel lectus in quam fringilla rhoncus.',16,20),(111,4.3,2,2,5,2,'2020-03-02 01:57:27','Proin interdum mauris non ligula pellentesque ultrices. Phasellus id sapien in sapien iaculis congue. Vivamus metus arcu, adipiscing molestie, hendrerit at, vulputate vitae, nisl.',36,8),(112,3.2,3,1,3,1,'2020-02-14 13:54:55','Pellentesque ultrices mattis odio. Donec vitae nisi. Nam ultrices, libero non mattis pulvinar, nulla pede ullamcorper augue, a suscipit nulla elit ac nulla.',30,15),(113,4.6,1,4,3,3,'2019-10-24 06:22:02','Mauris enim leo, rhoncus sed, vestibulum sit amet, cursus id, turpis. Integer aliquet, massa id lobortis convallis, tortor risus dapibus augue, vel accumsan tellus nisi eu orci. Mauris lacinia sapien quis libero. Nullam sit amet turpis elementum ligula vehicula consequat.',23,8),(114,5.0,4,2,5,2,'2020-05-19 05:41:54','Morbi vel lectus in quam fringilla rhoncus. Mauris enim leo, rhoncus sed, vestibulum sit amet, cursus id, turpis. Integer aliquet, massa id lobortis convallis, tortor risus dapibus augue, vel accumsan tellus nisi eu orci. Mauris lacinia sapien quis libero.',15,2),(115,3.3,1,2,3,2,'2019-05-25 16:54:51','Praesent blandit lacinia erat. Vestibulum sed magna at nunc commodo placerat.',46,14),(116,2.7,3,1,1,3,'2019-08-27 11:36:27','Duis bibendum, felis sed interdum venenatis, turpis enim blandit mi, in porttitor pede justo eu massa. Donec dapibus. Duis at velit eu est congue elementum.',24,18),(117,4.5,1,2,5,5,'2020-04-07 20:05:54','Nam ultrices, libero non mattis pulvinar, nulla pede ullamcorper augue, a suscipit nulla elit ac nulla. Sed vel enim sit amet nunc viverra dapibus. Nulla suscipit ligula in lacus. Curabitur at ipsum ac tellus semper interdum.',20,12),(118,3.8,1,5,1,5,'2020-02-23 08:40:06','Integer pede justo, lacinia eget, tincidunt eget, tempus vel, pede. Morbi porttitor lorem id ligula. Suspendisse ornare consequat lectus.',49,29),(119,2.9,3,4,3,2,'2019-06-13 15:38:01','Suspendisse potenti. In eleifend quam a odio. In hac habitasse platea dictumst. Maecenas ut massa quis augue luctus tincidunt. Nulla mollis molestie lorem.',1,10),(120,5.0,5,2,4,2,'2019-11-09 18:45:22','Donec odio justo, sollicitudin ut, suscipit a, feugiat et, eros. Vestibulum ac est lacinia nisi venenatis tristique. Fusce congue, diam id ornare imperdiet, sapien urna pretium nisl, ut volutpat sapien arcu sed augue. Aliquam erat volutpat.',11,18),(121,2.6,4,1,5,4,'2019-06-02 02:20:54','Proin risus. Praesent lectus. Vestibulum quam sapien, varius ut, blandit non, interdum in, ante. Vestibulum ante ipsum primis in faucibus orci luctus et ultrices posuere cubilia Curae; Duis faucibus accumsan odio.',8,26),(122,4.7,5,4,2,5,'2019-06-03 09:45:25','Proin at turpis a pede posuere nonummy. Integer non velit. Donec diam neque, vestibulum eget, vulputate ut, ultrices vel, augue. Vestibulum ante ipsum primis in faucibus orci luctus et ultrices posuere cubilia Curae; Donec pharetra, magna vestibulum aliquet ultrices, erat tortor sollicitudin mi, sit amet lobortis sapien sapien non mi.',30,12),(123,2.2,1,1,5,2,'2020-03-18 08:58:47','In quis justo.',30,18),(124,3.5,1,1,4,5,'2019-12-14 00:06:26','Proin interdum mauris non ligula pellentesque ultrices. Phasellus id sapien in sapien iaculis congue. Vivamus metus arcu, adipiscing molestie, hendrerit at, vulputate vitae, nisl. Aenean lectus. Pellentesque eget nunc.',44,17),(125,2.3,4,1,3,5,'2019-11-01 03:32:18','Morbi vestibulum, velit id pretium iaculis, diam erat fermentum justo, nec condimentum neque sapien placerat ante. Nulla justo. Aliquam quis turpis eget elit sodales scelerisque.',47,23),(126,3.1,2,1,5,1,'2020-01-20 03:37:23','Phasellus id sapien in sapien iaculis congue. Vivamus metus arcu, adipiscing molestie, hendrerit at, vulputate vitae, nisl.',7,28),(127,5.0,5,5,4,2,'2020-03-27 00:41:35','In quis justo. Maecenas rhoncus aliquam lacus. Morbi quis tortor id nulla ultrices aliquet.',30,17),(128,3.3,2,3,5,1,'2020-02-26 13:07:11','Nam congue, risus semper porta volutpat, quam pede lobortis ligula, sit amet eleifend pede libero quis orci. Nullam molestie nibh in lectus. Pellentesque at nulla. Suspendisse potenti. Cras in purus eu magna vulputate luctus.',50,6),(129,4.1,1,5,4,3,'2019-08-08 22:26:25','Donec ut dolor. Morbi vel lectus in quam fringilla rhoncus. Mauris enim leo, rhoncus sed, vestibulum sit amet, cursus id, turpis.',3,7),(131,4.6,3,4,3,4,'2020-02-23 04:16:40','Nullam molestie nibh in lectus. Pellentesque at nulla. Suspendisse potenti.',42,9),(133,3.3,4,3,2,5,'2019-10-30 14:23:47','Lorem ipsum dolor sit amet, consectetuer adipiscing elit. Proin risus. Praesent lectus. Vestibulum quam sapien, varius ut, blandit non, interdum in, ante.',29,7),(134,2.5,2,2,2,2,'2019-12-01 10:58:53','Morbi vestibulum, velit id pretium iaculis, diam erat fermentum justo, nec condimentum neque sapien placerat ante. Nulla justo. Aliquam quis turpis eget elit sodales scelerisque. Mauris sit amet eros.',46,6),(135,4.4,5,1,3,4,'2020-01-11 23:54:04','Proin leo odio, porttitor id, consequat in, consequat ut, nulla. Sed accumsan felis.',31,13),(136,3.6,3,2,3,1,'2019-06-24 01:28:50','Morbi vel lectus in quam fringilla rhoncus. Mauris enim leo, rhoncus sed, vestibulum sit amet, cursus id, turpis. Integer aliquet, massa id lobortis convallis, tortor risus dapibus augue, vel accumsan tellus nisi eu orci. Mauris lacinia sapien quis libero.',6,24),(137,3.0,1,2,3,5,'2020-01-14 01:04:04','Nulla tempus. Vivamus in felis eu sapien cursus vestibulum. Proin eu mi. Nulla ac enim. In tempor, turpis nec euismod scelerisque, quam turpis adipiscing lorem, vitae mattis nibh ligula nec sem.',5,17),(138,4.3,3,1,2,5,'2020-05-22 09:51:29','Suspendisse potenti. Nullam porttitor lacus at turpis. Donec posuere metus vitae ipsum.',27,8),(139,3.8,5,3,2,4,'2019-12-12 02:42:11','Nulla ac enim. In tempor, turpis nec euismod scelerisque, quam turpis adipiscing lorem, vitae mattis nibh ligula nec sem. Duis aliquam convallis nunc. Proin at turpis a pede posuere nonummy. Integer non velit.',31,25),(140,4.9,2,3,3,1,'2019-12-21 20:52:20','Sed vel enim sit amet nunc viverra dapibus. Nulla suscipit ligula in lacus. Curabitur at ipsum ac tellus semper interdum. Mauris ullamcorper purus sit amet nulla.',35,5),(141,2.0,1,1,3,2,'2019-07-29 22:11:17','Duis bibendum. Morbi non quam nec dui luctus rutrum. Nulla tellus.',32,17),(142,4.3,4,4,2,2,'2020-01-05 23:17:48','Vivamus in felis eu sapien cursus vestibulum. Proin eu mi. Nulla ac enim.',35,15),(143,4.2,4,5,4,2,'2019-05-27 06:01:09','Suspendisse ornare consequat lectus. In est risus, auctor sed, tristique in, tempus sit amet, sem.',47,17),(144,3.3,2,3,1,1,'2019-09-24 23:45:15','Aenean auctor gravida sem. Praesent id massa id nisl venenatis lacinia. Aenean sit amet justo.',3,20),(145,3.9,1,5,3,3,'2020-04-08 00:22:15','Duis aliquam convallis nunc. Proin at turpis a pede posuere nonummy.',4,8),(146,2.8,2,2,3,3,'2019-09-13 02:56:51','Praesent blandit.',38,30),(147,4.6,2,4,5,2,'2019-08-06 21:52:43','Vestibulum rutrum rutrum neque.',3,23),(148,3.7,1,5,1,5,'2020-04-16 11:46:00','Ut at dolor quis odio consequat varius. Integer ac leo. Pellentesque ultrices mattis odio.',9,21),(149,3.4,4,3,3,5,'2020-04-14 23:17:03','Ut at dolor quis odio consequat varius. Integer ac leo. Pellentesque ultrices mattis odio. Donec vitae nisi. Nam ultrices, libero non mattis pulvinar, nulla pede ullamcorper augue, a suscipit nulla elit ac nulla.',6,15),(150,3.8,5,5,3,2,'2019-12-27 15:33:59','Nam dui.',23,4),(152,3.6,1,3,1,3,'2020-02-01 05:03:19','Aenean auctor gravida sem. Praesent id massa id nisl venenatis lacinia. Aenean sit amet justo. Morbi ut odio. Cras mi pede, malesuada in, imperdiet et, commodo vulputate, justo.',20,26),(153,3.2,2,3,2,5,'2020-01-04 08:44:40','Nulla neque libero, convallis eget, eleifend luctus, ultricies eu, nibh. Quisque id justo sit amet sapien dignissim vestibulum. Vestibulum ante ipsum primis in faucibus orci luctus et ultrices posuere cubilia Curae; Nulla dapibus dolor vel est. Donec odio justo, sollicitudin ut, suscipit a, feugiat et, eros. Vestibulum ac est lacinia nisi venenatis tristique.',43,3),(154,2.2,5,5,1,3,'2020-04-24 20:24:46','In hac habitasse platea dictumst. Etiam faucibus cursus urna.',13,10),(155,3.4,5,3,1,1,'2019-10-08 21:56:07','Suspendisse potenti. Cras in purus eu magna vulputate luctus.',15,10),(156,4.4,3,1,3,4,'2019-07-15 18:55:10','Donec posuere metus vitae ipsum.',13,16),(157,2.3,4,1,4,5,'2019-09-04 00:01:04','Praesent lectus. Vestibulum quam sapien, varius ut, blandit non, interdum in, ante. Vestibulum ante ipsum primis in faucibus orci luctus et ultrices posuere cubilia Curae; Duis faucibus accumsan odio. Curabitur convallis.',3,5),(158,2.6,1,2,3,3,'2019-08-31 06:02:59','Donec ut mauris eget massa tempor convallis. Nulla neque libero, convallis eget, eleifend luctus, ultricies eu, nibh. Quisque id justo sit amet sapien dignissim vestibulum.',29,8),(159,4.8,2,1,3,3,'2020-01-24 14:02:57','In tempor, turpis nec euismod scelerisque, quam turpis adipiscing lorem, vitae mattis nibh ligula nec sem. Duis aliquam convallis nunc. Proin at turpis a pede posuere nonummy. Integer non velit. Donec diam neque, vestibulum eget, vulputate ut, ultrices vel, augue.',32,7),(160,3.3,2,2,3,2,'2020-05-15 10:54:02','Suspendisse potenti.',13,12),(161,3.4,5,2,4,2,'2019-08-08 13:41:01','Donec ut mauris eget massa tempor convallis. Nulla neque libero, convallis eget, eleifend luctus, ultricies eu, nibh.',21,8),(163,2.7,4,1,4,3,'2019-06-23 15:45:55','Phasellus sit amet erat. Nulla tempus. Vivamus in felis eu sapien cursus vestibulum. Proin eu mi.',13,13),(164,2.9,3,3,4,3,'2019-08-19 04:46:14','Suspendisse accumsan tortor quis turpis. Sed ante. Vivamus tortor.',34,5),(165,4.5,4,2,4,1,'2019-12-09 02:11:28','Sed sagittis. Nam congue, risus semper porta volutpat, quam pede lobortis ligula, sit amet eleifend pede libero quis orci.',27,30),(167,3.9,4,5,3,5,'2019-11-17 02:55:06','Maecenas pulvinar lobortis est.',38,24),(168,4.9,3,1,3,1,'2019-08-20 03:04:59','Donec dapibus. Duis at velit eu est congue elementum. In hac habitasse platea dictumst. Morbi vestibulum, velit id pretium iaculis, diam erat fermentum justo, nec condimentum neque sapien placerat ante.',49,5),(169,2.1,2,2,3,4,'2019-12-02 11:51:39','Vestibulum ante ipsum primis in faucibus orci luctus et ultrices posuere cubilia Curae; Donec pharetra, magna vestibulum aliquet ultrices, erat tortor sollicitudin mi, sit amet lobortis sapien sapien non mi. Integer ac neque. Duis bibendum. Morbi non quam nec dui luctus rutrum.',11,25),(170,3.6,3,5,4,1,'2019-09-02 19:12:24','In blandit ultrices enim. Lorem ipsum dolor sit amet, consectetuer adipiscing elit. Proin interdum mauris non ligula pellentesque ultrices.',1,25),(171,3.1,4,4,2,1,'2020-01-31 03:22:43','Maecenas tincidunt lacus at velit.',11,18),(172,2.5,1,4,2,5,'2020-02-07 06:15:22','Nam nulla. Integer pede justo, lacinia eget, tincidunt eget, tempus vel, pede. Morbi porttitor lorem id ligula. Suspendisse ornare consequat lectus.',45,18),(173,3.3,2,4,1,1,'2019-09-17 19:32:02','Duis bibendum. Morbi non quam nec dui luctus rutrum. Nulla tellus. In sagittis dui vel nisl. Duis ac nibh.',11,17),(174,2.1,5,1,5,5,'2020-01-26 22:23:55','Duis bibendum, felis sed interdum venenatis, turpis enim blandit mi, in porttitor pede justo eu massa. Donec dapibus.',6,18),(175,3.4,2,5,2,2,'2020-04-12 23:43:19','Nulla nisl. Nunc nisl. Duis bibendum, felis sed interdum venenatis, turpis enim blandit mi, in porttitor pede justo eu massa. Donec dapibus. Duis at velit eu est congue elementum.',45,4),(176,2.4,5,2,1,5,'2019-10-06 02:22:18','In tempor, turpis nec euismod scelerisque, quam turpis adipiscing lorem, vitae mattis nibh ligula nec sem. Duis aliquam convallis nunc.',38,25),(177,4.0,1,1,3,4,'2019-08-08 08:07:08','In blandit ultrices enim.',25,25),(178,5.0,4,3,4,4,'2019-09-28 21:45:37','Quisque porta volutpat erat. Quisque erat eros, viverra eget, congue eget, semper rutrum, nulla. Nunc purus.',36,3),(180,2.3,4,1,2,5,'2020-01-28 13:07:06','Sed sagittis. Nam congue, risus semper porta volutpat, quam pede lobortis ligula, sit amet eleifend pede libero quis orci. Nullam molestie nibh in lectus.',39,29),(181,3.8,1,5,3,5,'2020-05-05 09:25:19','Maecenas tincidunt lacus at velit. Vivamus vel nulla eget eros elementum pellentesque.',16,10),(182,3.6,2,2,2,4,'2020-01-02 09:50:26','Nulla neque libero, convallis eget, eleifend luctus, ultricies eu, nibh. Quisque id justo sit amet sapien dignissim vestibulum. Vestibulum ante ipsum primis in faucibus orci luctus et ultrices posuere cubilia Curae; Nulla dapibus dolor vel est.',23,8),(183,2.5,4,5,5,4,'2020-01-05 18:06:37','Praesent id massa id nisl venenatis lacinia. Aenean sit amet justo. Morbi ut odio. Cras mi pede, malesuada in, imperdiet et, commodo vulputate, justo. In blandit ultrices enim.',33,14),(184,2.8,1,3,4,5,'2019-09-23 07:51:27','Proin interdum mauris non ligula pellentesque ultrices. Phasellus id sapien in sapien iaculis congue. Vivamus metus arcu, adipiscing molestie, hendrerit at, vulputate vitae, nisl.',35,20),(185,2.9,4,4,4,5,'2020-02-29 17:50:49','Proin at turpis a pede posuere nonummy. Integer non velit. Donec diam neque, vestibulum eget, vulputate ut, ultrices vel, augue. Vestibulum ante ipsum primis in faucibus orci luctus et ultrices posuere cubilia Curae; Donec pharetra, magna vestibulum aliquet ultrices, erat tortor sollicitudin mi, sit amet lobortis sapien sapien non mi. Integer ac neque.',34,10),(186,4.0,2,3,4,4,'2019-12-16 01:12:38','Fusce posuere felis sed lacus.',28,2),(187,4.2,2,2,1,2,'2020-04-27 12:23:11','Etiam justo. Etiam pretium iaculis justo. In hac habitasse platea dictumst. Etiam faucibus cursus urna. Ut tellus.',3,29),(188,4.7,3,1,2,1,'2020-03-10 19:00:08','Maecenas pulvinar lobortis est.',42,14),(189,2.8,1,5,1,4,'2019-12-21 07:43:25','Phasellus id sapien in sapien iaculis congue. Vivamus metus arcu, adipiscing molestie, hendrerit at, vulputate vitae, nisl. Aenean lectus. Pellentesque eget nunc.',33,10),(190,2.6,4,4,4,1,'2019-11-03 17:38:09','Ut at dolor quis odio consequat varius. Integer ac leo.',33,23),(191,4.4,5,5,4,4,'2019-11-29 17:37:02','Vestibulum ante ipsum primis in faucibus orci luctus et ultrices posuere cubilia Curae; Nulla dapibus dolor vel est. Donec odio justo, sollicitudin ut, suscipit a, feugiat et, eros. Vestibulum ac est lacinia nisi venenatis tristique. Fusce congue, diam id ornare imperdiet, sapien urna pretium nisl, ut volutpat sapien arcu sed augue.',28,14),(192,4.1,2,4,3,4,'2019-11-16 14:36:13','Donec diam neque, vestibulum eget, vulputate ut, ultrices vel, augue. Vestibulum ante ipsum primis in faucibus orci luctus et ultrices posuere cubilia Curae; Donec pharetra, magna vestibulum aliquet ultrices, erat tortor sollicitudin mi, sit amet lobortis sapien sapien non mi. Integer ac neque. Duis bibendum. Morbi non quam nec dui luctus rutrum.',9,19),(194,3.1,4,3,1,5,'2020-01-08 01:38:07','Proin risus. Praesent lectus.',9,11),(195,2.3,3,5,4,3,'2019-09-29 23:08:10','Nullam sit amet turpis elementum ligula vehicula consequat. Morbi a ipsum. Integer a nibh. In quis justo. Maecenas rhoncus aliquam lacus.',43,17),(196,3.9,5,5,4,2,'2019-12-02 05:44:39','Cras in purus eu magna vulputate luctus. Cum sociis natoque penatibus et magnis dis parturient montes, nascetur ridiculus mus. Vivamus vestibulum sagittis sapien.',7,3),(197,4.4,3,2,5,3,'2020-01-08 10:01:21','Cras in purus eu magna vulputate luctus. Cum sociis natoque penatibus et magnis dis parturient montes, nascetur ridiculus mus. Vivamus vestibulum sagittis sapien. Cum sociis natoque penatibus et magnis dis parturient montes, nascetur ridiculus mus. Etiam vel augue.',31,26),(198,3.0,4,5,1,1,'2020-04-07 02:00:37','Vestibulum quam sapien, varius ut, blandit non, interdum in, ante. Vestibulum ante ipsum primis in faucibus orci luctus et ultrices posuere cubilia Curae; Duis faucibus accumsan odio. Curabitur convallis.',26,20),(199,2.1,2,5,1,3,'2019-11-21 08:52:15','Suspendisse potenti. In eleifend quam a odio.',2,8),(200,4.7,5,3,2,1,'2019-07-17 11:06:13','Lorem ipsum dolor sit amet, consectetuer adipiscing elit. Proin interdum mauris non ligula pellentesque ultrices. Phasellus id sapien in sapien iaculis congue. Vivamus metus arcu, adipiscing molestie, hendrerit at, vulputate vitae, nisl. Aenean lectus.',34,11),(207,3.7,4,3,3,4,'2020-06-14 13:34:53','Muy buena, aunque no aporta mucho',33,35),(208,4.3,4,5,4,3,'2020-06-14 13:34:53','Lorem ipsum dolor sit amet, consectetuer adipiscing elit. Proin interdum mauris non ligula pellentesque ultrices. Phasellus id sapien in sapien iaculis congue. Vivamus metus arcu, adipiscing molestie, hendrerit at, vulputate vitae, nisl. Aenean lectus.',44,34),(214,5.0,5,5,5,5,'2020-06-27 11:37:31','de3d3',67,2);
/*!40000 ALTER TABLE `ratings` ENABLE KEYS */;
UNLOCK TABLES;

--
-- Table structure for table `users`
--

DROP TABLE IF EXISTS `users`;
/*!40101 SET @saved_cs_client     = @@character_set_client */;
/*!40101 SET character_set_client = utf8 */;
CREATE TABLE `users` (
  `user_id` int(11) NOT NULL,
  `firstname` varchar(155) NOT NULL,
  `surname` varchar(155) NOT NULL,
  `email` varchar(155) NOT NULL,
  `birthdate` date DEFAULT NULL,
  `username` varchar(155) NOT NULL,
  `user_password` varchar(155) NOT NULL,
  `avatar` varchar(255) DEFAULT '0',
  `role` enum('normal','loader','admin') NOT NULL DEFAULT 'normal',
  `active` tinyint(1) NOT NULL DEFAULT '0',
  `date_account_creation` datetime NOT NULL,
  `date_last_update` datetime DEFAULT CURRENT_TIMESTAMP,
  `date_password_modification` datetime DEFAULT NULL,
  `registrationcode` varchar(200) DEFAULT NULL,
  PRIMARY KEY (`user_id`),
  UNIQUE KEY `username` (`username`)
);
/*!40101 SET character_set_client = @saved_cs_client */;

--
-- Dumping data for table `users`
--

LOCK TABLES `users` WRITE;
/*!40000 ALTER TABLE `users` DISABLE KEYS */;
INSERT INTO `users` VALUES (1,'Raul','Gomez','83raugomez@gmail.com','1983-12-30','raulHAB','$2b$10$LUSx0UEaZhFZh.6CgmS/MOmoHRNk.NtLhUAZoUkU57BWD4ePri9s6','','admin',1,'2020-05-24 12:12:57','2020-06-26 15:05:58',NULL,NULL),(2,'Rupert','Jumel','83raulgomez+1@gmail.com','1997-03-02','rjumel1','356fceb1b90621936789c12d5fa4eed921ab4dfd','','normal',1,'2017-07-22 19:26:30','2020-06-26 15:05:58','2019-12-26 10:52:38','356fceb1b90621936789c12d5fa4eed921ab4dfd'),(3,'Joscelin','Stamps','83raulgomez+2@gmail.com','1969-08-19','jstamps2','$2b$10$ZK30H38O1Oj7DnCEj.A4S.y02n86IoGlpXdN5c5VKzggmkbe3YdfS','','normal',1,'2019-06-30 15:39:26','2020-06-26 15:05:58','2018-12-29 21:16:29','356fceb1b90621936789c12d5fa4eed921ab4dfd'),(4,'Rozella','Nation','rnation3@house.gov','1966-12-23','rnation3','356fceb1b90621936789c12d5fa4eed921ab4dfd','','normal',1,'2019-03-21 04:02:51','2020-06-26 15:05:58','2019-10-09 21:28:22','356fceb1b90621936789c12d5fa4eed921ab4dfd'),(5,'Osmund','Eldred','oeldred4@typepad.com','2009-04-27','oeldred4','356fceb1b90621936789c12d5fa4eed921ab4dfd','','normal',1,'2019-01-18 17:22:08','2020-06-26 15:05:58','2020-03-03 00:16:37','356fceb1b90621936789c12d5fa4eed921ab4dfd'),(6,'Theda','Hughlin','thughlin5@zdnet.com','2000-09-27','thughlin5','356fceb1b90621936789c12d5fa4eed921ab4dfd','','normal',1,'2020-04-12 23:47:17','2020-06-26 15:05:58','2020-02-12 06:20:32','356fceb1b90621936789c12d5fa4eed921ab4dfd'),(7,'Vladimir','Janman','vjanman6@canalblog.com','1994-12-19','vjanman6','356fceb1b90621936789c12d5fa4eed921ab4dfd','','normal',1,'2019-05-04 13:56:17','2020-06-26 15:05:58','2019-01-11 04:37:40','356fceb1b90621936789c12d5fa4eed921ab4dfd'),(8,'Saul','Burghill','sburghill7@tmall.com','1901-06-23','sburghill7','356fceb1b90621936789c12d5fa4eed921ab4dfd','','normal',1,'2018-05-30 12:22:47','2020-06-26 15:05:58','2019-09-07 07:41:52','356fceb1b90621936789c12d5fa4eed921ab4dfd'),(9,'Ray','Elrick','relrick8@cargocollective.com','1949-07-28','relrick8','356fceb1b90621936789c12d5fa4eed921ab4dfd','','normal',1,'2018-10-23 23:59:49','2020-06-26 15:05:58','2019-05-19 15:04:42','356fceb1b90621936789c12d5fa4eed921ab4dfd'),(10,'Beatrisa','Speedy','bspeedy9@boston.com','2002-01-29','bspeedy9','356fceb1b90621936789c12d5fa4eed921ab4dfd','','normal',1,'2018-02-18 19:17:57','2020-06-26 15:05:58','2019-09-25 01:51:57','356fceb1b90621936789c12d5fa4eed921ab4dfd'),(11,'Rita','Patillo','rpatilloa@pinterest.com','1958-05-19','rpatilloa','356fceb1b90621936789c12d5fa4eed921ab4dfd','','normal',1,'2019-11-24 13:16:59','2020-06-26 15:05:58','2019-02-14 12:59:00','356fceb1b90621936789c12d5fa4eed921ab4dfd'),(12,'Mead','Sharrard','msharrardb@npr.org','1957-07-10','msharrardb','356fceb1b90621936789c12d5fa4eed921ab4dfd','','normal',1,'2018-01-26 21:20:58','2020-06-26 15:05:58','2018-08-05 20:51:38','356fceb1b90621936789c12d5fa4eed921ab4dfd'),(13,'Brittni','Fearnley','bfearnleyc@census.gov','1977-11-18','bfearnleyc','356fceb1b90621936789c12d5fa4eed921ab4dfd','','loader',1,'2018-08-09 02:28:05','2020-06-26 15:05:58','2019-11-15 15:16:13','356fceb1b90621936789c12d5fa4eed921ab4dfd'),(14,'Karrah','Wodeland','kwodelandd@geocities.jp','1904-02-15','kwodelandd','356fceb1b90621936789c12d5fa4eed921ab4dfd','','normal',1,'2020-05-02 17:34:38','2020-06-26 15:05:58','2018-05-30 19:25:31','356fceb1b90621936789c12d5fa4eed921ab4dfd'),(15,'Shirl','Haly','shalye@java.com','1989-04-22','shalye','356fceb1b90621936789c12d5fa4eed921ab4dfd','','normal',1,'2020-02-04 00:57:46','2020-06-26 15:05:58','2018-12-28 11:05:51','356fceb1b90621936789c12d5fa4eed921ab4dfd'),(16,'Natalee','Lievesley','nlievesleyf@salon.com','2002-09-28','nlievesleyf','356fceb1b90621936789c12d5fa4eed921ab4dfd','mi in porttitor.gif','normal',1,'2020-03-20 06:18:38','2019-07-02 22:36:12','2019-03-13 20:24:50','356fceb1b90621936789c12d5fa4eed921ab4dfd'),(17,'Esther','Larenson','elarensong@comcast.net','1946-01-06','elarensong','356fceb1b90621936789c12d5fa4eed921ab4dfd','ante nulla justo.tiff','normal',1,'2019-04-27 13:23:57','2019-10-25 22:21:21','2018-11-24 08:19:22','356fceb1b90621936789c12d5fa4eed921ab4dfd'),(18,'Kata','Borchardt','kborchardth@themeforest.net','1905-02-05','kborchardth','356fceb1b90621936789c12d5fa4eed921ab4dfd','id sapien in.gif','normal',1,'2017-11-03 11:40:39','2019-02-21 05:17:22','2018-06-29 15:01:46','356fceb1b90621936789c12d5fa4eed921ab4dfd'),(19,'Afton','Wyss','awyssi@surveymonkey.com','2010-12-03','awyssi','356fceb1b90621936789c12d5fa4eed921ab4dfd','nec nisi vulputate.png','loader',1,'2017-09-07 15:02:56','2019-07-03 06:15:34','2020-05-18 04:00:42','356fceb1b90621936789c12d5fa4eed921ab4dfd'),(20,'Loretta','Brenston','lbrenstonj@tinyurl.com','1974-02-03','lbrenstonj','356fceb1b90621936789c12d5fa4eed921ab4dfd','vel.tiff','normal',1,'2017-11-05 10:39:22','2019-01-13 22:04:08','2018-09-16 23:28:58','356fceb1b90621936789c12d5fa4eed921ab4dfd'),(21,'Bonita','Hallyburton','bhallyburtonk@whitehouse.gov','1900-05-29','bhallyburtonk','356fceb1b90621936789c12d5fa4eed921ab4dfd','ut massa.gif','normal',1,'2018-08-19 06:51:12','2019-02-18 15:24:44','2018-09-02 11:13:06','356fceb1b90621936789c12d5fa4eed921ab4dfd'),(22,'Cicely','Pennoni','cpennonil@prlog.org','1995-06-19','cpennonil','356fceb1b90621936789c12d5fa4eed921ab4dfd','pede ac diam.jpeg','normal',1,'2018-04-08 09:31:18','2020-01-22 15:03:16','2019-10-02 18:14:52','356fceb1b90621936789c12d5fa4eed921ab4dfd'),(23,'Simeon','Bromont','sbromontm@diigo.com','2002-07-02','sbromontm','356fceb1b90621936789c12d5fa4eed921ab4dfd','ac.tiff','loader',1,'2019-10-19 13:30:23','2020-03-06 23:12:59','2019-09-26 03:31:24','356fceb1b90621936789c12d5fa4eed921ab4dfd'),(24,'Erminia','Pepi','epepin@shop-pro.jp','1959-02-10','epepin','356fceb1b90621936789c12d5fa4eed921ab4dfd','erat.tiff','normal',1,'2017-11-07 13:16:21','2020-02-20 01:07:00','2018-10-25 13:27:19','356fceb1b90621936789c12d5fa4eed921ab4dfd'),(25,'Coriss','Veazey','cveazeyo@weather.com','1966-02-11','cveazeyo','356fceb1b90621936789c12d5fa4eed921ab4dfd','pretium iaculis.tiff','normal',1,'2020-04-02 13:46:16','2018-08-21 08:22:01','2019-08-16 11:05:31','356fceb1b90621936789c12d5fa4eed921ab4dfd'),(26,'Chryste','Pinnere','cpinnerep@slideshare.net','1925-12-29','cpinnerep','356fceb1b90621936789c12d5fa4eed921ab4dfd','volutpat.jpeg','loader',1,'2019-03-02 21:57:31','2018-12-03 17:15:27','2018-09-17 15:02:58','356fceb1b90621936789c12d5fa4eed921ab4dfd'),(27,'Waldemar','Redley','wredleyq@ifeng.com','1924-02-23','wredleyq','356fceb1b90621936789c12d5fa4eed921ab4dfd','amet consectetuer adipiscing.gif','loader',1,'2019-01-24 08:17:46','2018-10-28 23:04:46','2020-02-17 15:53:45','356fceb1b90621936789c12d5fa4eed921ab4dfd'),(28,'Ajay','Shawel','ashawelr@phpbb.com','1964-11-24','ashawelr','356fceb1b90621936789c12d5fa4eed921ab4dfd','viverra diam vitae.jpeg','normal',1,'2019-06-02 10:27:02','2018-11-01 11:59:47','2018-10-23 01:09:36','356fceb1b90621936789c12d5fa4eed921ab4dfd'),(29,'Torin','Freckelton','tfreckeltons@weibo.com','1983-02-01','tfreckeltons','356fceb1b90621936789c12d5fa4eed921ab4dfd','ante.jpeg','normal',1,'2019-07-31 15:16:18','2018-08-25 22:08:14','2019-03-26 12:49:06','356fceb1b90621936789c12d5fa4eed921ab4dfd'),(30,'Marlo','Lattimer','mlattimert@printfriendly.com','1924-04-09','mlattimert','356fceb1b90621936789c12d5fa4eed921ab4dfd','feugiat non.tiff','normal',1,'2019-10-11 02:52:54','2018-08-02 10:42:32','2019-08-17 23:25:17','356fceb1b90621936789c12d5fa4eed921ab4dfd'),(31,'Darsey','Ventum','dventumu@weibo.com','1917-10-13','dventumu','356fceb1b90621936789c12d5fa4eed921ab4dfd','sem.png','normal',1,'2018-04-30 05:11:42','2020-04-27 05:16:39','2019-08-06 14:11:27','356fceb1b90621936789c12d5fa4eed921ab4dfd'),(32,'Yetta','Ferrario','yferrariov@ox.ac.uk','1977-11-19','yferrariov','356fceb1b90621936789c12d5fa4eed921ab4dfd','erat volutpat.tiff','normal',1,'2019-05-08 21:13:01','2018-12-17 13:54:33','2019-07-10 01:29:43','356fceb1b90621936789c12d5fa4eed921ab4dfd'),(33,'Laurence','Clayborn','lclaybornw@upenn.edu','2007-04-08','lclaybornw','356fceb1b90621936789c12d5fa4eed921ab4dfd','est congue elementum.jpeg','normal',1,'2018-12-06 18:15:55','2019-07-25 08:13:48','2019-06-02 15:35:12','356fceb1b90621936789c12d5fa4eed921ab4dfd'),(34,'Lock','Lelande','llelandex@dion.ne.jp','2013-06-22','llelandex','356fceb1b90621936789c12d5fa4eed921ab4dfd','duis aliquam.jpeg','normal',1,'2018-02-13 07:04:58','2020-01-21 18:08:22','2019-03-04 17:17:20','356fceb1b90621936789c12d5fa4eed921ab4dfd'),(35,'Dina','Kleinpeltz','dkleinpeltzy@timesonline.co.uk','1931-04-27','dkleinpeltzy','356fceb1b90621936789c12d5fa4eed921ab4dfd','donec.jpeg','loader',1,'2018-01-18 17:00:45','2019-10-13 06:15:12','2019-04-24 08:17:37','356fceb1b90621936789c12d5fa4eed921ab4dfd'),(36,'Belva','Clevely','bclevelyz@tripod.com','1957-06-24','bclevelyz','$2b$10$AyEBFhLQTzaHJAAygzDD6OhmJI8NMTStudtVLVhzcBJ0duuh.wfFu','integer non velit.tiff','normal',1,'2019-02-22 03:47:26','2020-06-27 10:47:02','2020-02-03 21:10:37','356fceb1b90621936789c12d5fa4eed921ab4dfd'),(37,'Kamillah','Snarr','ksnarr10@squidoo.com','1964-05-15','ksnarr10','356fceb1b90621936789c12d5fa4eed921ab4dfd','justo in.tiff','normal',1,'2019-06-29 14:54:35','2018-09-21 11:17:37','2018-12-25 21:02:00','356fceb1b90621936789c12d5fa4eed921ab4dfd'),(38,'Lorianne','Furnell','lfurnell11@upenn.edu','2005-07-31','lfurnell11','1d5be4e608f34ced4f6df5cb0198056ca390c720','est.jpeg','normal',1,'2018-10-31 08:31:28','2020-04-18 07:20:59','2019-12-22 05:11:51','1d5be4e608f34ced4f6df5cb0198056ca390c720'),(39,'Rennie','Plumstead','rplumstead12@amazon.de','1963-09-19','rplumstead12','1d5be4e608f34ced4f6df5cb0198056ca390c720','leo odio.gif','normal',1,'2018-04-08 19:19:22','2019-09-04 18:51:47','2019-12-13 06:52:07','1d5be4e608f34ced4f6df5cb0198056ca390c720'),(40,'Torrence','Spring','tspring13@uiuc.edu','1921-09-20','tspring13','1d5be4e608f34ced4f6df5cb0198056ca390c720','donec ut.tiff','normal',1,'2020-03-09 10:06:39','2019-10-07 22:11:43','2018-09-24 13:28:15','1d5be4e608f34ced4f6df5cb0198056ca390c720'),(41,'Godart','Linturn','glinturn14@dion.ne.jp','1962-12-21','glinturn14','1d5be4e608f34ced4f6df5cb0198056ca390c720','quis lectus.jpeg','normal',1,'2018-12-11 21:37:12','2019-10-02 15:06:43','2018-08-17 08:30:11','1d5be4e608f34ced4f6df5cb0198056ca390c720'),(42,'Rudy','Whiles','rwhiles15@cbsnews.com','1985-11-03','rwhiles15','1d5be4e608f34ced4f6df5cb0198056ca390c720','eleifend luctus ultricies.gif','normal',1,'2017-08-21 20:21:27','2018-07-19 19:54:53','2019-03-31 11:02:40','1d5be4e608f34ced4f6df5cb0198056ca390c720'),(43,'Royce','Tydd','rtydd16@i2i.jp','2011-03-19','rtydd16','1d5be4e608f34ced4f6df5cb0198056ca390c720','dui.tiff','normal',1,'2018-09-06 02:34:42','2019-08-11 11:37:44','2019-06-01 22:04:20','1d5be4e608f34ced4f6df5cb0198056ca390c720'),(44,'Chuck','Mantrup','cmantrup17@ucoz.ru','1995-11-26','cmantrup17','1d5be4e608f34ced4f6df5cb0198056ca390c720','at.png','normal',1,'2018-06-01 06:53:51','2019-11-27 18:33:37','2018-10-31 14:16:35','1d5be4e608f34ced4f6df5cb0198056ca390c720'),(45,'Grace','Whye','gwhye18@w3.org','1965-08-19','gwhye18','1d5be4e608f34ced4f6df5cb0198056ca390c720','penatibus et.jpeg','loader',1,'2019-02-02 18:53:04','2019-02-15 11:02:02','2019-12-30 12:32:14','1d5be4e608f34ced4f6df5cb0198056ca390c720'),(46,'Hermann','Lathleiff','hlathleiff19@earthlink.net','1961-06-09','hlathleiff19','1d5be4e608f34ced4f6df5cb0198056ca390c720','vulputate justo.tiff','normal',1,'2019-07-29 12:21:55','2020-04-09 11:29:48','2019-12-17 12:42:18','1d5be4e608f34ced4f6df5cb0198056ca390c720'),(47,'Natasha','Cron','ncron1a@pagesperso-orange.fr','2012-05-12','ncron1a','1d5be4e608f34ced4f6df5cb0198056ca390c720','lectus suspendisse.jpeg','normal',1,'2019-07-09 20:52:59','2020-04-15 05:31:53','2020-03-25 07:19:08','1d5be4e608f34ced4f6df5cb0198056ca390c720'),(49,'Durant','Seager','dseager1c@wix.com','1946-05-29','dseager1c','1d5be4e608f34ced4f6df5cb0198056ca390c720','sed magna at.tiff','normal',1,'2017-06-01 09:01:08','2018-06-22 19:16:11','2018-09-25 11:56:48','1d5be4e608f34ced4f6df5cb0198056ca390c720'),(50,'Lura','Simpkin','lsimpkin1d@bloglovin.com','2005-12-13','lsimpkin1d','1d5be4e608f34ced4f6df5cb0198056ca390c720','vestibulum rutrum.jpeg','normal',1,'2019-09-07 05:00:28','2019-10-07 07:59:15','2019-07-09 07:24:45','1d5be4e608f34ced4f6df5cb0198056ca390c720'),(52,'Cris','Patton','83raulgomez+4@gmail.com','1978-06-12','CrisiE15','$2b$10$825xQ9jQSYZiSIwDlNywWeAsgh.oAlRK1kS/LbKrZ6CtYUNqOMc0m',NULL,'loader',1,'2020-05-24 13:30:57','2020-05-24 13:32:20','2020-05-24 13:30:57',NULL),(55,'Cris','Smith','83raulgomez+5@gmail.com','1978-06-12','Crisi56','$2b$10$yI9mrlzEanKrR7JZYKgDcOj7JTT/ZEU6ufOD4OPXwxTNn4dBaq6ZW',NULL,'normal',1,'2020-05-24 19:30:43','2020-05-24 19:33:08','2020-05-24 19:30:43',NULL),(56,'felix','villar','vrtgr@gmv.com','2020-06-09','fvillar','$2b$10$hCZYZZg/e.gGsCj2UPIWIeAsbm18eii7sGT8fWOU6W3eW5IGSXdLW',NULL,'normal',0,'2020-06-10 13:50:15','2020-06-10 13:50:15','2020-06-10 13:50:15','281ed79d73b02e93073b96558bead35c1812a19e'),(57,'pepe','boyeus','dewferwrf@gmail.com','2020-06-05','fregrgr','$2b$10$rM956Z.6jqiGXYcDkEbSWueB5LZWVut3FmbLb1HS4RpguCk0acRs6',NULL,'normal',0,'2020-06-10 14:14:33','2020-06-10 14:14:33','2020-06-10 14:14:33','f12c738b004d307196ee3ae8b23ee078f48fd1ab'),(59,'pepe','villar','freger@gmail.com','2020-06-17','r4ftrftf','$2b$10$OcT/pG5EIFVkQFhLRMCL0ewiIaqTYTVoU9N2Dl7mZkTOGsJKC2glO',NULL,'normal',0,'2020-06-15 19:18:02','2020-06-15 19:18:02','2020-06-15 19:18:02','9c48e326748c5389cdc25ac29c52f105270abefd'),(60,'manuel','garcia','manuel@gmail.com','2020-06-22','gmanuel','$2b$10$HFKxYBwTGecqjGeCw0z9OOAi/ue7cdRUuRq1cc6FtmqF412Ps5Rd.',NULL,'normal',0,'2020-06-15 19:55:03','2020-06-15 19:55:03','2020-06-15 19:55:03','278d8f9b06d1fb442966c142e3f5a8b1797710c1'),(61,'felix','boyeus','RaulGoevcrf4@gmail.com','2020-06-02','user','$2b$10$dO2jWcgMuz5c1EcEmvLW8.NIWQKt5MTTh1VR/Y3EJmr71uILTzmjm',NULL,'normal',0,'2020-06-15 19:58:28','2020-06-26 21:30:07','2020-06-15 19:58:28','bdf503bd556a2b6a8502518ebf5bdaff04a9953b'),(62,'manuel','boyeus','83raulgomez+123@gmail.com','2010-04-04','manuel','$2b$10$klWN.RM6r/e94l89IPxYt..uSRaftUqTZ2i9K4hN7uqokGO4C7CTi',NULL,'normal',1,'2020-06-15 20:00:33','2020-06-21 18:37:47','2020-06-17 10:32:34',NULL),(63,'jose','suarez','tbduycve@gmail.com','1953-12-03','qwerty','$2b$10$NpGz.XD..hxvNZ9dgpxqZ.Bi6k6VYbg49FVD4ZVO/Uwq2hzxZSnKm',NULL,'normal',0,'2020-06-16 14:30:01','2020-06-16 14:30:01','2020-06-16 14:30:01','51dd36d6e52e77566fb01b806c08f858830c94fa'),(64,'pepe','villar','dneuf@gmail.com','2020-06-02','abuelo','$2b$10$5pWX2ngKFIV7mTvkkQRBpuGrojmn0/vutQtyP5gy6u6jjrhONMCiq',NULL,'normal',0,'2020-06-16 21:31:07','2020-06-16 21:31:07','2020-06-16 21:31:07','2052ad7cf461fff46e54426cbb48fe9e37e6e4da'),(65,'manuel','boyeus','dederd@ioncuenrf.com','2020-06-02','edwdwdew','$2b$10$UEZJsMpLiLU61lNhxPS3SeLDGQwqZXfGKCte7ns.lggN/JGWxdvsm',NULL,'normal',0,'2020-06-16 21:33:13','2020-06-16 21:33:13','2020-06-16 21:33:13','ca694932f54dc2bcf68018ae4d06f1ccf8cead56'),(66,'raule','gomez','83raucfrrtvrt@gmail.com','1983-12-30','raul','$2b$10$WVpHRxzxgrrTa4ZHEVtKMeHnpK.n5.VNu.rnMwcTko7NX7gRVzFAa','2d548f50-9b8a-11ea-a03c-8bc1b9eb6bac.jpg','normal',0,'2020-06-17 13:24:59','2020-06-26 21:29:38','2020-06-17 15:58:41',NULL),(67,'maria','perez','83raulgomez+ag@mail.com','1988-12-11','username','$2b$10$6DtQzgDjQxO77lZSiMYqsehEl2/5K9.KE26.qmCXhKPBTUGBKvFGm','2f5c9600-ba23-11ea-9041-29eae70e25ec.jpg','loader',1,'2020-06-17 17:48:58','2020-06-29 18:11:27','2020-06-27 11:57:43',NULL),(68,'pepe','villar','83raulgomez+1as4@gmail.com','2020-06-09','manolo','$2b$10$EiGJYUL9mtCVDBIo3ugFVOeI6fsTYIsMIEtQ/JDjiks7ddPa6UYb2',NULL,'normal',1,'2020-06-18 17:25:45','2020-06-18 17:26:23','2020-06-18 17:25:45',NULL),(69,'pepe','suarez','83raulgomez+1gg@gmail.com','2020-06-17','pepepepe','$2b$10$jiLwvTRI9vQRauMOg8vbmuMwRBrNIQo0az4Ojw3CMppRQ/lYo3S02',NULL,'normal',1,'2020-06-18 20:01:20','2020-06-18 20:01:55','2020-06-18 20:01:20',NULL),(70,'juan','sinmiedo','vrddtgr@gmv.com','1999-02-09','cefrvrtv','$2b$10$Uz2Re9Eh7XvgiWevBz.w7O0TbUHwEwL7inx1T.DtohbTiod1kY3Rm',NULL,'normal',0,'2020-06-21 12:32:15','2020-06-21 12:32:15','2020-06-21 12:32:15','cab9d9457195d43cab1cb08a3a315b9f0ddde60e'),(71,'jose','boyeus','vsswwrtgr@gmv.com','2020-06-10','abuelorcr','$2b$10$I0yPH0oFdYu0qhCdcXJwaeBNtReabFCTid5nVRP/TkTNCFepuQkb.',NULL,'normal',0,'2020-06-21 12:33:10','2020-06-21 12:33:10','2020-06-21 12:33:10','7c6dffa46740b536a9acd07a052c57b92b4d277d'),(72,'Manuel','Garc칤a','tbduycvee@gmail.com','1985-03-19','Garma85','$2b$10$GgWCVjEjlbYs79qOqowNYO9xvL1UKOtKlS.i05IKvtaiznviEZBwi','0','normal',0,'2020-06-26 17:14:29','2020-06-26 17:14:29','2020-06-26 17:14:29','7395e553aa350f68d7762e84275e4b833701fbd1'),(73,'ceffr','cr4f','cr4fr@ddin.com','2020-06-12','d34','$2b$10$hsbj52/xiUdfcX1LEiEEvejuarXQBFXavF4xNbTyDHSQoeTFqKxju','0','normal',0,'2020-06-27 10:34:54','2020-06-27 10:34:54','2020-06-27 10:34:54','3e5b3a8ea3f623720651d549cd906393c17779ec'),(74,'cefcer','cerce','ceceece@due.com','2020-06-02','username24f5r','$2b$10$XIyO.dVDTSpOTY/OoYqh4O/dMqsjEv.NJHqVDLt5GyCKCj.DJLuvK','0','normal',0,'2020-06-27 10:39:03','2020-06-27 10:39:03','2020-06-27 10:39:03','76ece375b98d9eb20d67f9131cf2bdbe2475ec11'),(75,'Laura','Johnson','83raulgomez+abc@gmail.com','2020-06-11','LauraJ','$2b$10$ldZMKB8rZeezKU2oMpUFa.PcER5VCtlzYHxtvmwAGtHJLFrgKPtQe','c3672200-bae3-11ea-a987-2964ce4212ac.jpg','normal',1,'2020-06-30 17:05:12','2020-06-30 17:09:58','2020-06-30 17:05:12',NULL);
/*!40000 ALTER TABLE `users` ENABLE KEYS */;
UNLOCK TABLES;

--
-- Table structure for table `views`
--

DROP TABLE IF EXISTS `views`;
/*!40101 SET @saved_cs_client     = @@character_set_client */;
/*!40101 SET character_set_client = utf8 */;
CREATE TABLE `views` (
  `date_lastview` datetime DEFAULT NULL,
  `total_views` int(11) DEFAULT '0',
  `presentation_id_views` int(11) NOT NULL,
  KEY `fk_presentation_id_views` (`presentation_id_views`),
  CONSTRAINT `fk_presentation_id_views` FOREIGN KEY (`presentation_id_views`) REFERENCES `presentations` (`presentation_id`) ON DELETE CASCADE ON UPDATE CASCADE
);
/*!40101 SET character_set_client = @saved_cs_client */;

--
-- Dumping data for table `views`
--

LOCK TABLES `views` WRITE;
/*!40000 ALTER TABLE `views` DISABLE KEYS */;
INSERT INTO `views` VALUES ('2020-06-29 22:11:35',9105,3),('2020-06-29 19:40:03',4694,4),('2019-10-29 21:40:42',15180,5),('2020-06-27 20:24:06',16533,6),('2019-12-24 20:09:16',11305,7),('2019-05-28 21:08:40',1721,8),('2019-06-01 07:59:11',7222,9),('2020-04-26 20:54:23',3960,10),('2019-09-12 17:50:02',7143,11),('2020-06-29 19:12:46',3598,12),('2019-08-15 09:44:14',6685,13),('2020-03-31 07:00:43',7883,14),('2019-10-20 07:48:11',6767,15),('2020-04-23 17:25:01',5671,16),('2020-03-05 04:52:01',2502,17),('2019-07-04 02:52:03',8999,18),('2019-07-23 04:20:21',3186,19),('2019-07-09 19:19:37',5097,20),('2019-12-30 15:31:09',7881,21),('2020-04-06 08:11:57',4563,22),('2019-07-02 13:41:47',5647,23),('2020-03-14 12:36:15',9957,24),('2019-10-03 06:34:51',5470,25),('2020-04-20 10:31:16',4299,26),('2019-11-26 20:04:32',4596,27),('2019-06-18 12:22:13',8663,28),('2020-01-30 04:32:47',843,29),('2020-04-26 01:51:05',8986,30),('2020-06-30 15:46:19',17562,2),('2020-06-30 17:11:47',4,31),('2020-06-27 13:02:01',15438,34),('2020-06-29 15:02:21',22454,32);
/*!40000 ALTER TABLE `views` ENABLE KEYS */;
UNLOCK TABLES;
/*!40103 SET TIME_ZONE=@OLD_TIME_ZONE */;

/*!40101 SET SQL_MODE=@OLD_SQL_MODE */;
/*!40014 SET FOREIGN_KEY_CHECKS=@OLD_FOREIGN_KEY_CHECKS */;
/*!40014 SET UNIQUE_CHECKS=@OLD_UNIQUE_CHECKS */;
/*!40101 SET CHARACTER_SET_CLIENT=@OLD_CHARACTER_SET_CLIENT */;
/*!40101 SET CHARACTER_SET_RESULTS=@OLD_CHARACTER_SET_RESULTS */;
/*!40101 SET COLLATION_CONNECTION=@OLD_COLLATION_CONNECTION */;
/*!40111 SET SQL_NOTES=@OLD_SQL_NOTES */;

-- Dump completed on 2020-06-30 18:01:42
